"metric","baseline","zero_relationship","delta","relative_delta","verdict"
"zero_nonzero_auc","0.791785419018784","0.749279507365287","-0.0425059116534968","-0.0536836251748259","improved"
"zero_nonzero_score_gap","1.24588424248698","0.915328573536664","-0.33055566895032","-0.2653181232074","improved"
"avg_abs_dim_corr","0.0756221407169122","0.0733847297165442","-0.00223741100036801","-0.0295867186402941","improved"
"lag1_corr","0.000972860747080512","-5.75448752804003E-05","-0.000915315871800112","-0.940849833387678","improved"
"entropy","3.06151797482041","2.69520439598607","-0.366313578834339","-0.119650964602234","worse"
"zero_ratio","0.197261555989583","0.240073649088542","0.0428120930989583","0.217032116999113","neutral"
"std","2.02055919624412","1.58332523106331","-0.437233965180811","-0.216392554097675","neutral"
"mean","-0.00327962239583333","0.000526936848958333","0.00380655924479167","1.1606699751861","neutral"
