"metric","baseline","zero_relationship","delta","relative_delta","verdict"
"zero_nonzero_auc","0.791785419018784","0.723908068465981","-0.0678773505528025","-0.0857269519271007","improved"
"zero_nonzero_score_gap","1.24588424248698","0.734360151716918","-0.511524090770066","-0.410571121558599","improved"
"avg_abs_dim_corr","0.0756221407169122","0.0745750552754633","-0.00104708544144891","-0.0138462814133842","improved"
"lag1_corr","0.000972860747080512","0.000147975665460781","-0.000824885081619731","-0.847896355254495","improved"
"entropy","3.06151797482041","2.41448691961352","-0.647031055206887","-0.21134321618505","worse"
"zero_ratio","0.197261555989583","0.258807373046875","0.0615458170572917","0.312001072629386","neutral"
"std","2.02055919624412","1.3199110781727","-0.700648118071419","-0.346759510621517","neutral"
"mean","-0.00327962239583333","0.000384521484375","0.00366414388020833","1.11724565756824","neutral"
