"metric","baseline","zero_relationship","delta","relative_delta","verdict"
"zero_nonzero_auc","0.791785419018784","0.739567209995143","-0.0522182090236407","-0.0659499502887435","improved"
"zero_nonzero_score_gap","1.24588424248698","0.841594284002245","-0.404289958484739","-0.32450041881717","improved"
"avg_abs_dim_corr","0.0756221407169122","0.0742825779387529","-0.00133956277815926","-0.0177138965580709","improved"
"lag1_corr","0.000972860747080512","-0.00081182142554632","-0.000161039321534192","-0.165531728993548","improved"
"entropy","3.06151797482041","2.60400352258648","-0.457514452233927","-0.149440393947308","worse"
"zero_ratio","0.197261555989583","0.2361083984375","0.0388468424479167","0.196930629757214","neutral"
"std","2.02055919624412","1.4931610358917","-0.527398160352426","-0.261015941197254","neutral"
"mean","-0.00327962239583333","-0.00131632486979167","0.00196329752604167","0.59863523573201","neutral"
